{"cameraMode":{"drawMode":0,"name":"Shaded","section":"Shading Mode"},"sceneLighting":true,"audioPlay":false,"sceneViewState":{"showFog":true,"showMaterialUpdate":false,"showSkybox":true,"showFlares":true,"showImageEffects":true,"showParticleSystems":true},"in2DMode":false,"pivot":{"x":137.9727783203125,"y":6.082895278930664,"z":-0.9360542297363281},"rotation":{"x":-0.5810949206352234,"y":-0.09554832428693772,"z":0.06559215486049652,"w":-0.806061863899231},"size":22.147008895874025,"orthographic":false}