{"cameraMode":{"drawMode":0,"name":"Shaded","section":"Shading Mode"},"sceneLighting":true,"audioPlay":false,"sceneViewState":{"showFog":true,"showMaterialUpdate":false,"showSkybox":true,"showFlares":true,"showImageEffects":true,"showParticleSystems":true},"in2DMode":false,"pivot":{"x":124.26998901367188,"y":7.294864177703857,"z":-5.316126346588135},"rotation":{"x":-0.060649048537015918,"y":-0.9283331036567688,"z":0.17663249373435975,"w":-0.322204053401947},"size":13.59670639038086,"orthographic":false}