{"cameraMode":{"drawMode":0,"name":"Shaded","section":"Shading Mode"},"sceneLighting":false,"audioPlay":false,"sceneViewState":{"showFog":true,"showMaterialUpdate":false,"showSkybox":false,"showFlares":true,"showImageEffects":true,"showParticleSystems":true},"in2DMode":false,"pivot":{"x":125.03089904785156,"y":3.369999885559082,"z":13.788835525512696},"rotation":{"x":-0.27582064270973208,"y":-0.5365263819694519,"z":0.19145646691322328,"w":-0.7745671272277832},"size":4.503331184387207,"orthographic":false}