{"cameraMode":{"drawMode":0,"name":"Shaded","section":"Shading Mode"},"sceneLighting":true,"audioPlay":false,"sceneViewState":{"showFog":true,"showMaterialUpdate":false,"showSkybox":true,"showFlares":true,"showImageEffects":true,"showParticleSystems":true},"in2DMode":false,"pivot":{"x":9.255013465881348,"y":-3.6151840686798097,"z":-5.305545806884766},"rotation":{"x":-0.09223061054944992,"y":-0.2244357317686081,"z":0.0213426873087883,"w":-0.969880223274231},"size":10.5013427734375,"orthographic":false}