{"cameraMode":{"drawMode":0,"name":"Shaded","section":"Shading Mode"},"sceneLighting":false,"audioPlay":false,"sceneViewState":{"showFog":true,"showMaterialUpdate":false,"showSkybox":false,"showFlares":true,"showImageEffects":true,"showParticleSystems":true},"in2DMode":false,"pivot":{"x":444.4779052734375,"y":249.98683166503907,"z":-2.0},"rotation":{"x":-0.1759963482618332,"y":-0.20500965416431428,"z":0.034908682107925418,"w":-0.9626003503799439},"size":6.150426387786865,"orthographic":false}