{"cameraMode":{"drawMode":0,"name":"Shaded","section":"Shading Mode"},"sceneLighting":false,"audioPlay":false,"sceneViewState":{"showFog":true,"showMaterialUpdate":false,"showSkybox":false,"showFlares":true,"showImageEffects":true,"showParticleSystems":true},"in2DMode":false,"pivot":{"x":125.03089904785156,"y":3.369999885559082,"z":13.788835525512696},"rotation":{"x":0.12746095657348634,"y":0.017018146812915803,"z":-0.003434146288782358,"w":0.9919977784156799},"size":4.503331184387207,"orthographic":false}