{"cameraMode":{"drawMode":0,"name":"Shaded","section":"Shading Mode"},"sceneLighting":true,"audioPlay":false,"sceneViewState":{"showFog":true,"showMaterialUpdate":false,"showSkybox":true,"showFlares":true,"showImageEffects":true,"showParticleSystems":true},"in2DMode":false,"pivot":{"x":137.9727783203125,"y":6.082895278930664,"z":-0.9360542297363281},"rotation":{"x":0.004701343365013599,"y":-0.9706122875213623,"z":0.2401159256696701,"w":0.03313986212015152},"size":29.365219116210939,"orthographic":false}